{"cameraMode":{"drawMode":0,"name":"Shaded","section":"Shading Mode"},"sceneLighting":false,"audioPlay":false,"sceneViewState":{"m_AlwaysRefresh":false,"showFog":true,"showSkybox":false,"showFlares":true,"showImageEffects":true,"showParticleSystems":true,"showVisualEffectGraphs":true,"m_FxEnabled":true},"in2DMode":false,"pivot":{"x":0.6920313239097595,"y":-0.3274063467979431,"z":0.16501154005527497},"rotation":{"x":0.03104175627231598,"y":-0.634875476360321,"z":0.02554149739444256,"w":0.7715790271759033},"size":0.9350341558456421,"orthographic":false}