{"cameraMode":{"drawMode":0,"name":"Shaded","section":"Shading Mode"},"sceneLighting":false,"audioPlay":false,"sceneViewState":{"m_AlwaysRefresh":false,"showFog":true,"showSkybox":false,"showFlares":true,"showImageEffects":true,"showParticleSystems":true,"showVisualEffectGraphs":true,"m_FxEnabled":true},"in2DMode":false,"pivot":{"x":-0.12877026200294496,"y":0.006090283393859863,"z":0.0013755559921264649},"rotation":{"x":0.003405647585168481,"y":-0.5879358649253845,"z":0.0024741427041590215,"w":0.8089066743850708},"size":1.0600767135620118,"orthographic":false}