{"cameraMode":{"drawMode":0,"name":"Shaded","section":"Shading Mode"},"sceneLighting":false,"audioPlay":false,"sceneViewState":{"m_AlwaysRefresh":false,"showFog":true,"showSkybox":false,"showFlares":true,"showImageEffects":true,"showParticleSystems":true,"showVisualEffectGraphs":true,"m_FxEnabled":true},"in2DMode":false,"pivot":{"x":-0.020500004291534425,"y":-0.16690103709697724,"z":1.4901161193847657e-8},"rotation":{"x":0.0027490677312016489,"y":0.9927969574928284,"z":0.02322639524936676,"w":-0.1175956279039383},"size":0.7263397574424744,"orthographic":false}