{"cameraMode":{"drawMode":0,"name":"Shaded","section":"Shading Mode"},"sceneLighting":false,"audioPlay":false,"sceneViewState":{"m_AlwaysRefresh":false,"showFog":true,"showSkybox":false,"showFlares":true,"showImageEffects":true,"showParticleSystems":true,"showVisualEffectGraphs":true,"m_FxEnabled":true},"in2DMode":false,"pivot":{"x":-0.17208635807037354,"y":0.003546297550201416,"z":0.004994034767150879},"rotation":{"x":0.0027490677312016489,"y":0.9927969574928284,"z":0.02322639524936676,"w":-0.1175956279039383},"size":1.356200933456421,"orthographic":false}